,num_nodes,num_edges,id,ave_degree,ave_degree_div_num_nodes,is_directed
count,300.0,300.0,300.0,300.0,300.0,300.0
mean,6.0,8.82,149.5,2.238031746031746,0.37287014361300075,0.3
std,0.7801894976054939,4.743691462948679,86.74675786448736,0.7774674684578917,0.11385262244575257,0.45902324683737283
min,5.0,4.0,0.0,1.0,0.14285714285714285,0.0
25%,5.0,5.0,74.75,1.6666666666666667,0.2857142857142857,0.0
50%,6.0,7.0,149.5,2.0,0.3333333333333333,0.0
75%,7.0,12.0,224.25,2.4,0.40816326530612246,1.0
max,7.0,29.0,299.0,4.857142857142857,0.7222222222222222,1.0
