,num_nodes,num_edges,id,ave_degree,ave_degree_div_num_nodes,is_directed
count,300.0,300.0,300.0,300.0,300.0,300.0
mean,11.63,25.14,149.5,3.4836168461168464,0.3000589470456756,0.23
std,2.235267636029805,16.8062060523162,86.74675786448736,1.9228757149217452,0.1451211082288626,0.42153565411754634
min,8.0,7.0,0.0,1.5714285714285714,0.11224489795918367,0.0
25%,10.0,12.0,74.75,2.0,0.1862962962962963,0.0
50%,12.0,21.0,149.5,3.111111111111111,0.2777777777777778,0.0
75%,14.0,30.0,224.25,4.291208791208791,0.375,0.0
max,15.0,85.0,299.0,11.066666666666666,0.75,1.0
