,num_nodes,num_edges,id,ave_degree,ave_degree_div_num_nodes,is_directed
count,300.0,300.0,300.0,300.0,300.0,300.0
mean,11.623333333333333,28.976666666666667,149.5,3.273469336219336,0.28568719252028235,0.52
std,2.269793403787036,15.448353557829863,86.74675786448736,1.0267770801562894,0.08233860635494701,0.5004345937369794
min,8.0,8.0,0.0,1.25,0.10416666666666667,0.0
25%,10.0,18.0,74.75,2.4444444444444446,0.2247615022340297,0.0
50%,12.0,24.0,149.5,3.25,0.28398714296150196,1.0
75%,14.0,37.0,224.25,4.0,0.34423225308641975,1.0
max,15.0,73.0,299.0,6.142857142857143,0.46913580246913583,1.0
