,num_nodes,num_edges,id,ave_degree,ave_degree_div_num_nodes,is_directed
count,300.0,300.0,300.0,300.0,300.0,300.0
mean,11.396666666666667,13.456666666666667,149.5,2.3134026344026344,0.20758129635089898,0.0
std,2.3404232149276183,4.658374939735179,86.74675786448736,0.4227413101534202,0.03763802140910377,0.0
min,8.0,7.0,0.0,1.75,0.12444444444444444,0.0
25%,9.0,10.0,74.75,2.0,0.18,0.0
50%,11.0,13.0,149.5,2.2222222222222223,0.20408163265306123,0.0
75%,13.0,16.0,224.25,2.533333333333333,0.23140495867768596,0.0
max,15.0,30.0,299.0,4.0,0.34375,0.0
