,num_nodes,num_edges,id,ave_degree,ave_degree_div_num_nodes,is_directed
count,300.0,300.0,300.0,300.0,300.0,300.0
mean,6.12,10.81,149.5,2.669095238095238,0.4367294784580499,0.36666666666666664
std,0.7837821006318676,4.604116959481876,86.74675786448736,0.9211901930894438,0.1383496420522672,0.48269958066358226
min,5.0,4.0,0.0,1.2,0.22448979591836735,0.0
25%,5.0,7.0,74.75,2.0,0.33163265306122447,0.0
50%,6.0,10.0,149.5,2.3666666666666667,0.40408163265306124,0.0
75%,7.0,13.0,224.25,3.2976190476190474,0.5306122448979592,1.0
max,7.0,27.0,299.0,5.142857142857143,0.7346938775510204,1.0
