,num_nodes,num_edges,id,ave_degree,ave_degree_div_num_nodes,is_directed
count,300.0,300.0,300.0,300.0,300.0,300.0
mean,11.54,26.83,149.5,3.7187017519517513,0.3231391375793508,0.25333333333333335
std,2.2386988576516575,16.815577465105083,86.74675786448736,1.953105361652323,0.15292594152326516,0.43564685564303235
min,8.0,7.0,0.0,1.3076923076923077,0.10059171597633136,0.0
25%,10.0,12.75,74.75,2.0,0.2,0.0
50%,11.0,24.0,149.5,3.370879120879121,0.2962962962962963,0.0
75%,14.0,36.0,224.25,4.562937062937063,0.4,1.0
max,15.0,82.0,299.0,10.933333333333334,0.75,1.0
