,num_nodes,num_edges,id,ave_degree,ave_degree_div_num_nodes,is_directed
count,300.0,300.0,300.0,300.0,300.0,300.0
mean,11.44,25.476666666666667,149.5,3.59710335035335,0.31731898098522654,0.25333333333333335
std,2.2635101636329282,15.995069962310875,86.74675786448736,1.8245575955844489,0.14375663047460546,0.4356468556430324
min,8.0,7.0,0.0,1.1428571428571428,0.08163265306122448,0.0
25%,9.0,14.0,74.75,2.0,0.2,0.0
50%,11.0,22.0,149.5,3.272727272727273,0.30567033976124885,0.0
75%,14.0,31.0,224.25,4.363636363636363,0.3806795224977043,1.0
max,15.0,86.0,299.0,10.4,0.7346938775510204,1.0
