,num_nodes,num_edges,cc_node_ratio,id,ave_degree,ave_degree_div_num_nodes,is_directed
count,300.0,300.0,300.0,300.0,300.0,300.0,300.0
mean,11.086666666666666,23.976666666666667,0.595281376031376,149.5,2.448040986790987,0.22748939229908052,0.8233333333333334
std,2.2971166066551327,10.449246130921157,0.3213246943629558,86.74675786448736,1.1479180874134833,0.10016565902012899,0.38202359741972386
min,8.0,8.0,0.06666666666666667,0.0,1.1111111111111112,0.09183673469387756,0.0
25%,9.0,17.0,0.3057692307692308,74.75,1.9090909090909092,0.16666666666666666,1.0
50%,11.0,22.0,0.7,149.5,2.0833333333333335,0.20771696252465482,1.0
75%,13.0,29.0,0.8571428571428571,224.25,2.5875000000000004,0.2592592592592593,1.0
max,15.0,77.0,1.0,299.0,10.266666666666667,0.7142857142857143,1.0
