,num_nodes,num_edges,id,ave_degree,ave_degree_div_num_nodes,is_directed
count,300.0,300.0,300.0,300.0,300.0,300.0
mean,5.996666666666667,8.953333333333333,149.5,1.4709682539682538,0.2459854119425548,1.0
std,0.7865862627315257,2.941654863054694,86.74675786448736,0.34991737458162103,0.051161961636345996,0.0
min,5.0,4.0,0.0,0.8,0.12244897959183673,1.0
25%,5.0,7.0,74.75,1.2,0.20408163265306123,1.0
50%,6.0,9.0,149.5,1.4285714285714286,0.24489795918367346,1.0
75%,7.0,10.0,224.25,1.6785714285714286,0.27999999999999997,1.0
max,7.0,18.0,299.0,2.5714285714285716,0.4,1.0
