,num_nodes,num_edges,id,ave_degree,ave_degree_div_num_nodes,is_directed
count,300.0,300.0,300.0,300.0,300.0,300.0
mean,6.11,8.99,149.5,2.3293174603174602,0.3820490551776266,0.24666666666666667
std,0.78312041984183,4.765037805126098,86.74675786448736,0.806056185601121,0.12225745861163166,0.43179127043782384
min,5.0,4.0,0.0,1.1666666666666667,0.19444444444444445,0.0
25%,5.0,5.0,74.75,1.7142857142857142,0.2857142857142857,0.0
50%,6.0,7.0,149.5,2.0,0.3333333333333333,0.0
75%,7.0,12.0,224.25,2.857142857142857,0.4166666666666667,0.0
max,7.0,29.0,299.0,4.857142857142857,0.7222222222222222,1.0
