,num_nodes,num_edges,id,ave_degree,ave_degree_div_num_nodes,is_directed
count,300.0,300.0,300.0,300.0,300.0,300.0
mean,5.97,16.10333333333333,149.5,2.6625873015873016,0.44928654572940285,1.0
std,0.8355199850900933,5.304694918921507,86.74675786448736,0.6305934960406573,0.09875429927806424,0.0
min,5.0,6.0,0.0,1.1666666666666667,0.19444444444444445,1.0
25%,5.0,12.0,74.75,2.2,0.3673469387755102,1.0
50%,6.0,15.0,149.5,2.6,0.44222222222222224,1.0
75%,7.0,19.0,224.25,3.0,0.52,1.0
max,7.0,31.0,299.0,4.428571428571429,0.6799999999999999,1.0
