,num_nodes,num_edges,id,ave_degree,ave_degree_div_num_nodes,is_directed
count,300.0,300.0,300.0,300.0,300.0,300.0
mean,11.523333333333333,23.003333333333334,149.5,2.7270368150368154,0.24070190177073983,0.5066666666666667
std,2.3397371909321336,13.6899490346309,86.74675786448736,1.4459091255190757,0.11800808873081622,0.5007909017876289
min,8.0,7.0,0.0,1.2222222222222223,0.09777777777777777,0.0
25%,9.0,13.0,74.75,1.921474358974359,0.1560763888888889,0.0
50%,11.0,19.0,149.5,2.0,0.203125,1.0
75%,14.0,29.0,224.25,3.121794871794872,0.2865079365079365,1.0
max,15.0,82.0,299.0,10.142857142857142,0.7244897959183673,1.0
