,num_nodes,num_edges,id,ave_degree,ave_degree_div_num_nodes,is_directed
count,300.0,300.0,300.0,300.0,300.0,300.0
mean,6.04,9.42,149.5,2.128873015873016,0.35350513983371123,0.52
std,0.8168787975579153,4.040381451577003,86.74675786448736,0.678691508958306,0.10333597774982689,0.5004345937369794
min,5.0,4.0,0.0,0.8333333333333334,0.1388888888888889,0.0
25%,5.0,7.0,74.75,1.6,0.2777777777777778,0.0
50%,6.0,8.0,149.5,2.0,0.3333333333333333,1.0
75%,7.0,11.0,224.25,2.5785714285714287,0.40816326530612246,1.0
max,7.0,24.0,299.0,4.285714285714286,0.64,1.0
