,num_nodes,num_edges,id,ave_degree,ave_degree_div_num_nodes,is_directed
count,300.0,300.0,300.0,300.0,300.0,300.0
mean,11.323333333333334,25.386666666666667,149.5,2.8102087079587084,0.25176811535741983,0.6566666666666666
std,2.324535891871224,14.091097152175996,86.74675786448736,1.4801368871835097,0.12420499134497606,0.47561495720165836
min,8.0,7.0,0.0,1.0,0.07653061224489796,0.0
25%,9.0,14.0,74.75,1.8461538461538463,0.1652892561983471,0.0
50%,11.0,22.0,149.5,2.2,0.21969387755102043,1.0
75%,13.0,31.0,224.25,3.3846153846153846,0.30608974358974356,1.0
max,15.0,77.0,299.0,9.733333333333333,0.7337278106508875,1.0
