,num_nodes,num_edges,id,ave_degree,ave_degree_div_num_nodes,is_directed
count,300.0,300.0,300.0,300.0,300.0,300.0
mean,6.0,5.45,149.5,1.8029523809523804,0.30379002267573696,0.0
std,0.8096409047527363,1.2379857412959867,86.74675786448736,0.23509443274015898,0.04284310958109599,0.0
min,5.0,4.0,0.0,1.6,0.24489795918367346,0.0
25%,5.0,4.0,74.75,1.6,0.2777777777777778,0.0
50%,6.0,5.0,149.5,1.6666666666666667,0.2857142857142857,0.0
75%,7.0,6.0,224.25,2.0,0.32,0.0
max,7.0,9.0,299.0,2.6666666666666665,0.48,0.0
