,num_nodes,num_edges,id,ave_degree,ave_degree_div_num_nodes,is_directed
count,300.0,300.0,300.0,300.0,300.0,300.0
mean,11.336666666666666,26.866666666666667,149.5,3.8594100159100164,0.34351285241893526,0.22333333333333333
std,2.290737979456395,16.561900375128285,86.74675786448736,1.88252206070888,0.1525924978295576,0.4171758315991676
min,8.0,7.0,0.0,1.4444444444444444,0.12444444444444444,0.0
25%,9.0,14.0,74.75,2.206730769230769,0.22578512396694214,0.0
50%,11.0,24.0,149.5,3.466666666666667,0.32,0.0
75%,13.0,33.0,224.25,4.471153846153847,0.4,0.0
max,15.0,83.0,299.0,11.066666666666666,0.75,1.0
