,num_nodes,num_edges,id,ave_degree,ave_degree_div_num_nodes,is_directed
count,300.0,300.0,300.0,300.0,300.0,300.0
mean,11.446666666666667,24.503333333333334,149.5,4.1946549006549,0.37331176841991026,0.0
std,2.239913599225546,14.692499925782517,86.74675786448736,2.077026782610436,0.17626581978221229,0.0
min,8.0,7.0,0.0,1.75,0.12444444444444444,0.0
25%,10.0,13.75,74.75,2.0,0.23111111111111113,0.0
50%,11.0,22.0,149.5,4.0,0.345679012345679,0.0
75%,13.0,30.0,224.25,5.538461538461538,0.5,0.0
max,15.0,82.0,299.0,10.933333333333334,0.75,0.0
