,num_nodes,num_edges,id,ave_degree,ave_degree_div_num_nodes,is_directed
count,300.0,300.0,300.0,300.0,300.0,300.0
mean,6.01,9.376666666666667,149.5,2.0021269841269844,0.3328932728647014,0.6
std,0.7561785636123849,4.126931154996712,86.74675786448736,0.7306999785040454,0.10806627853975673,0.49071649206571843
min,5.0,4.0,0.0,0.8,0.1388888888888889,0.0
25%,5.0,6.0,74.75,1.6,0.2777777777777778,0.0
50%,6.0,9.0,149.5,1.8333333333333333,0.30612244897959184,1.0
75%,7.0,12.0,224.25,2.0,0.3611111111111111,1.0
max,7.0,25.0,299.0,4.857142857142857,0.7222222222222222,1.0
