,num_nodes,num_edges,id,ave_degree,ave_degree_div_num_nodes,is_directed
count,300.0,300.0,300.0,300.0,300.0,300.0
mean,6.136666666666667,7.876666666666667,149.5,2.5353015873015874,0.4130981103552532,0.0
std,0.7162627520602001,3.4098208873539098,86.74675786448736,0.9788144360243292,0.1490691372563995,0.0
min,5.0,4.0,0.0,1.6,0.24489795918367346,0.0
25%,6.0,5.0,74.75,1.7142857142857142,0.2857142857142857,0.0
50%,6.0,6.0,149.5,2.0,0.3333333333333333,0.0
75%,7.0,11.0,224.25,3.4285714285714284,0.5555555555555556,0.0
max,7.0,17.0,299.0,4.857142857142857,0.7222222222222222,0.0
