,num_nodes,num_edges,id,ave_degree,ave_degree_div_num_nodes,is_directed
count,300.0,300.0,300.0,300.0,300.0,300.0
mean,11.733333333333333,28.223333333333333,149.5,3.7822179302179304,0.32559102635754456,0.2833333333333333
std,2.325276742379508,16.585648454948213,86.74675786448736,1.7909248587361757,0.1417725056222081,0.45136977205609974
min,8.0,7.0,0.0,1.4666666666666666,0.09777777777777777,0.0
25%,10.0,14.0,74.75,2.084848484848485,0.21922831632653061,0.0
50%,12.0,24.0,149.5,3.3846153846153846,0.3076923076923077,0.0
75%,14.0,36.0,224.25,4.675000000000001,0.396694214876033,1.0
max,15.0,87.0,299.0,10.142857142857142,0.7244897959183673,1.0
