,num_nodes,num_edges,id,ave_degree,ave_degree_div_num_nodes,is_directed
count,300.0,300.0,300.0,300.0,300.0,300.0
mean,11.51,25.133333333333333,149.5,3.480832630332631,0.307083619822209,0.25666666666666665
std,2.3168497236852605,15.27109174330146,86.74675786448736,1.7645147325432202,0.14870577528451448,0.4375236894366786
min,8.0,7.0,0.0,1.375,0.1173469387755102,0.0
25%,9.0,12.0,74.75,2.0,0.19938271604938274,0.0
50%,11.0,23.0,149.5,3.145833333333333,0.26666666666666666,0.0
75%,14.0,32.25,224.25,4.2,0.36363636363636365,1.0
max,15.0,78.0,299.0,10.428571428571429,0.75,1.0
