,num_nodes,num_edges,cc_node_ratio,id,ave_degree,ave_degree_div_num_nodes,is_directed
count,300.0,300.0,300.0,300.0,300.0,300.0,300.0
mean,5.946666666666666,10.696666666666667,0.5722698412698413,149.5,1.910777777777778,0.3240153439153439,0.8966666666666666
std,0.7697166804194527,3.239284711222023,0.312520395641595,86.74675786448736,0.47539623177910856,0.07856405104843969,0.3049023456071545
min,5.0,4.0,0.14285714285714285,0.0,0.6666666666666666,0.1111111111111111,0.0
25%,5.0,9.0,0.2,74.75,1.6,0.2777777777777778,1.0
50%,6.0,10.0,0.6666666666666666,149.5,1.8452380952380953,0.32,1.0
75%,7.0,13.0,0.8333333333333334,224.25,2.142857142857143,0.3611111111111111,1.0
max,7.0,23.0,1.0,299.0,4.333333333333333,0.7222222222222222,1.0
