,num_nodes,num_edges,id,ave_degree,ave_degree_div_num_nodes,is_directed
count,300.0,300.0,300.0,300.0,300.0,300.0
mean,11.6,37.276666666666664,149.5,4.670818181818182,0.4072149920225678,0.5066666666666667
std,2.3419969753985423,16.113730063025,86.74675786448736,2.156529393448329,0.17294575256536204,0.5007909017876288
min,8.0,16.0,0.0,2.0,0.13333333333333333,0.0
25%,9.0,24.0,74.75,3.0,0.2712121212121212,0.0
50%,12.0,33.0,149.5,4.0,0.36167800453514737,1.0
75%,14.0,48.0,224.25,6.0,0.5333333333333333,1.0
max,15.0,75.0,299.0,10.0,0.8,1.0
