,num_nodes,num_edges,id,ave_degree,ave_degree_div_num_nodes,is_directed
count,300.0,300.0,300.0,300.0,300.0,300.0
mean,6.043333333333333,9.21,149.5,2.408190476190476,0.39863356009070294,0.2633333333333333
std,0.7725141742303795,4.814891198929119,86.74675786448736,0.8955454874092723,0.13599859393580327,0.44117760727332966
min,5.0,4.0,0.0,1.0,0.14285714285714285,0.0
25%,5.0,5.0,74.75,1.7142857142857142,0.2857142857142857,0.0
50%,6.0,7.0,149.5,2.0,0.3333333333333333,0.0
75%,7.0,12.0,224.25,2.857142857142857,0.4693877551020408,1.0
max,7.0,31.0,299.0,4.857142857142857,0.7222222222222222,1.0
