,num_nodes,num_edges,id,ave_degree,ave_degree_div_num_nodes,is_directed
count,300.0,300.0,300.0,300.0,300.0,300.0
mean,6.046666666666667,9.126666666666667,149.5,1.9024444444444442,0.3161502645502645,0.65
std,0.8082903768654761,3.885134462046691,86.74675786448736,0.7321684036767915,0.11477686852979126,0.47776654295295456
min,5.0,4.0,0.0,0.7142857142857143,0.10204081632653061,0.0
25%,5.0,6.0,74.75,1.4285714285714286,0.24,0.0
50%,6.0,8.0,149.5,1.7142857142857142,0.27999999999999997,1.0
75%,7.0,11.0,224.25,2.0,0.3611111111111111,1.0
max,7.0,28.0,299.0,4.571428571428571,0.7222222222222222,1.0
