,num_nodes,num_edges,id,ave_degree,ave_degree_div_num_nodes,is_directed
count,300.0,300.0,300.0,300.0,300.0,300.0
mean,11.373333333333333,24.846666666666668,149.5,3.5632863617863615,0.317541284749915,0.23666666666666666
std,2.284297617995699,15.630232546374181,86.74675786448736,1.9221276078510503,0.15845051014060016,0.4257461153528187
min,8.0,7.0,0.0,1.5454545454545454,0.12444444444444444,0.0
25%,9.0,12.0,74.75,2.0,0.19938271604938274,0.0
50%,12.0,22.0,149.5,3.2696969696969695,0.2777777777777778,0.0
75%,13.0,32.0,224.25,4.2125,0.37816326530612243,0.0
max,15.0,77.0,299.0,10.428571428571429,0.7448979591836735,1.0
