,num_nodes,num_edges,id,ave_degree,ave_degree_div_num_nodes,is_directed
count,300.0,300.0,300.0,300.0,300.0,300.0
mean,6.083333333333333,8.956666666666667,149.5,2.315238095238095,0.3826689342403628,0.25333333333333335
std,0.7778640393848503,4.691284406944972,86.74675786448736,0.7807748429911562,0.12380328970003798,0.4356468556430324
min,5.0,4.0,0.0,1.1666666666666667,0.19444444444444445,0.0
25%,5.0,5.0,74.75,1.7142857142857142,0.2857142857142857,0.0
50%,6.0,7.0,149.5,2.0,0.3333333333333333,0.0
75%,7.0,12.0,224.25,2.8392857142857144,0.40816326530612246,1.0
max,7.0,25.0,299.0,4.571428571428571,0.7222222222222222,1.0
