,num_nodes,num_edges,id,ave_degree,ave_degree_div_num_nodes,is_directed
count,300.0,300.0,300.0,300.0,300.0,300.0
mean,11.723333333333333,27.51,149.5,3.692928737928738,0.3177401282538271,0.27666666666666667
std,2.230854378877012,16.427093412813814,86.74675786448736,1.927957803353993,0.15481599007203015,0.4480976760855455
min,8.0,7.0,0.0,1.6666666666666667,0.11555555555555556,0.0
25%,10.0,14.0,74.75,2.0,0.21487603305785125,0.0
50%,12.0,25.0,149.5,3.3846153846153846,0.2809007232084155,0.0
75%,14.0,36.25,224.25,4.404166666666667,0.3756377551020408,1.0
max,15.0,79.0,299.0,10.533333333333333,0.7448979591836735,1.0
