,num_nodes,num_edges,id,ave_degree,ave_degree_div_num_nodes,is_directed
count,300.0,300.0,300.0,300.0,300.0,300.0
mean,11.506666666666666,43.14333333333333,149.5,3.6619911292411294,0.32405195824294986,1.0
std,2.3168617532128577,18.993295478475147,86.74675786448736,1.1604866850115418,0.09793904094267766,0.0
min,8.0,11.0,0.0,1.375,0.1242603550295858,1.0
25%,10.0,28.0,74.75,2.7964285714285713,0.24671430211202938,1.0
50%,12.0,40.0,149.5,3.539393939393939,0.32850694444444445,1.0
75%,14.0,55.0,224.25,4.5,0.4,1.0
max,15.0,102.0,299.0,6.8,0.578125,1.0
