,num_nodes,num_edges,id,ave_degree,ave_degree_div_num_nodes,is_directed
count,300.0,300.0,300.0,300.0,300.0,300.0
mean,11.576666666666666,25.666666666666668,149.5,3.5642071169571166,0.3134029994798566,0.2733333333333333
std,2.1771361836357124,15.133593130041556,86.74675786448736,1.8609183558018274,0.15565547957713197,0.4464151773751184
min,8.0,7.0,0.0,1.4,0.12000000000000001,0.0
25%,10.0,14.0,74.75,2.0,0.18713718820861677,0.0
50%,12.0,22.0,149.5,3.15,0.2795138888888889,0.0
75%,13.0,33.25,224.25,4.363636363636363,0.396694214876033,1.0
max,15.0,77.0,299.0,10.266666666666667,0.75,1.0
