,num_nodes,num_edges,id,ave_degree,ave_degree_div_num_nodes,is_directed
count,300.0,300.0,300.0,300.0,300.0,300.0
mean,6.006666666666667,12.73,149.5,2.99784126984127,0.5023286470143612,0.5466666666666666
std,0.8013088512798004,3.715253742060289,86.74675786448736,1.09523589143254,0.17713734026482575,0.49864923451845555
min,5.0,6.0,0.0,2.0,0.2857142857142857,0.0
25%,5.0,10.0,74.75,2.0,0.3333333333333333,0.0
50%,6.0,12.0,149.5,2.8,0.42857142857142855,1.0
75%,7.0,14.0,224.25,4.0,0.6666666666666666,1.0
max,7.0,21.0,299.0,6.0,0.8571428571428571,1.0
