,num_nodes,num_edges,id,ave_degree,ave_degree_div_num_nodes,is_directed
count,300.0,300.0,300.0,300.0,300.0,300.0
mean,11.61,29.066666666666666,149.5,4.100730066230066,0.3559820884238827,0.23
std,2.2851637237071567,16.689438178418705,86.74675786448736,1.8951167937398168,0.15081203877165114,0.42153565411754634
min,8.0,7.0,0.0,1.2222222222222223,0.1173469387755102,0.0
25%,10.0,16.75,74.75,2.9722222222222223,0.25,0.0
50%,12.0,26.0,149.5,4.0,0.3333333333333333,0.0
75%,14.0,36.0,224.25,4.8,0.41408402203856753,0.0
max,15.0,82.0,299.0,10.933333333333334,0.75,1.0
