,num_nodes,num_edges,id,ave_degree,ave_degree_div_num_nodes,is_directed
count,300.0,300.0,300.0,300.0,300.0,300.0
mean,6.033333333333333,8.44,149.5,2.212063492063492,0.36847996976568403,0.25666666666666665
std,0.8212615034683853,4.3176235257024205,86.74675786448736,0.7776333135248465,0.11965410291040636,0.43752368943667863
min,5.0,4.0,0.0,1.0,0.14285714285714285,0.0
25%,5.0,5.0,74.75,1.7142857142857142,0.2857142857142857,0.0
50%,6.0,7.0,149.5,2.0,0.3333333333333333,0.0
75%,7.0,11.25,224.25,2.3333333333333335,0.4,1.0
max,7.0,25.0,299.0,5.142857142857143,0.7346938775510204,1.0
