,num_nodes,num_edges,id,ave_degree,ave_degree_div_num_nodes,is_directed
count,300.0,300.0,300.0,300.0,300.0,300.0
mean,6.13,7.9366666666666665,149.5,2.5575238095238095,0.41737324263038544,0.0
std,0.7359156924230622,3.400667191406895,86.74675786448736,0.9832127553156522,0.15094960086971557,0.0
min,5.0,4.0,0.0,1.6,0.24489795918367346,0.0
25%,6.0,5.0,74.75,1.7142857142857142,0.2857142857142857,0.0
50%,6.0,7.0,149.5,2.0,0.3333333333333333,0.0
75%,7.0,11.0,224.25,3.4285714285714284,0.5555555555555556,0.0
max,7.0,18.0,299.0,5.142857142857143,0.7346938775510204,0.0
