,num_nodes,num_edges,id,ave_degree,ave_degree_div_num_nodes,is_directed
count,300.0,300.0,300.0,300.0,300.0,300.0
mean,6.05,8.81,149.5,2.2254603174603176,0.3689726379440665,0.30333333333333334
std,0.7976763914132473,4.478925008388646,86.74675786448736,0.7797754848275273,0.11743369703139361,0.46046605250251227
min,5.0,4.0,0.0,1.1428571428571428,0.16326530612244897,0.0
25%,5.0,5.0,74.75,1.6666666666666667,0.2857142857142857,0.0
50%,6.0,7.0,149.5,2.0,0.3333333333333333,0.0
75%,7.0,12.0,224.25,2.3333333333333335,0.4,1.0
max,7.0,25.0,299.0,4.857142857142857,0.7222222222222222,1.0
