,num_nodes,num_edges,id,ave_degree,ave_degree_div_num_nodes,is_directed
count,300.0,300.0,300.0,300.0,300.0,300.0
mean,6.046666666666667,8.563333333333333,149.5,2.2408253968253966,0.3721030990173847,0.24
std,0.7957803991687822,4.527802137484542,86.74675786448736,0.7520143301826681,0.11581728737140756,0.4277967197686491
min,5.0,4.0,0.0,1.3333333333333333,0.2222222222222222,0.0
25%,5.0,5.0,74.75,1.6666666666666667,0.2857142857142857,0.0
50%,6.0,7.0,149.5,2.0,0.3333333333333333,0.0
75%,7.0,12.0,224.25,2.407142857142857,0.4,0.0
max,7.0,27.0,299.0,5.142857142857143,0.7346938775510204,1.0
