,num_nodes,num_edges,id,ave_degree,ave_degree_div_num_nodes,is_directed
count,300.0,300.0,300.0,300.0,300.0,300.0
mean,11.396666666666667,24.446666666666665,149.5,2.097947071447071,0.18800506489441582,1.0
std,2.3489816100251493,9.83409988887154,86.74675786448736,0.5522761066390461,0.04744085923791344,0.0
min,8.0,8.0,0.0,1.0,0.08,1.0
25%,9.0,17.0,74.75,1.6666666666666667,0.15083333333333332,1.0
50%,11.0,22.0,149.5,2.0,0.1875,1.0
75%,13.0,31.0,224.25,2.5,0.2222222222222222,1.0
max,15.0,54.0,299.0,3.6,0.328125,1.0
