,num_nodes,num_edges,id,ave_degree,ave_degree_div_num_nodes,is_directed
count,300.0,300.0,300.0,300.0,300.0,300.0
mean,11.573333333333334,36.86333333333334,149.5,3.1081336441336442,0.2728707310204688,1.0
std,2.3142619233183814,16.952954445671477,86.74675786448736,1.0528517518946146,0.08445517497198803,0.0
min,8.0,13.0,0.0,1.3571428571428572,0.09693877551020409,1.0
25%,9.75,24.0,74.75,2.2375,0.20987654320987653,1.0
50%,12.0,32.0,149.5,2.908333333333333,0.26646942800788953,1.0
75%,14.0,48.0,224.25,3.8333333333333335,0.3333333333333333,1.0
max,15.0,86.0,299.0,5.733333333333333,0.515625,1.0
