,num_nodes,num_edges,id,ave_degree,ave_degree_div_num_nodes,is_directed
count,300.0,300.0,300.0,300.0,300.0,300.0
mean,11.523333333333333,26.14666666666667,149.5,4.393537055537055,0.3832365833823515,0.0
std,2.2359458255224176,15.750515908805463,86.74675786448736,2.1987043545612868,0.17797625772547154,0.0
min,8.0,7.0,0.0,1.75,0.12444444444444444,0.0
25%,9.0,13.0,74.75,2.0,0.2222222222222222,0.0
50%,12.0,23.5,149.5,4.0,0.3711734693877551,0.0
75%,13.0,35.0,224.25,5.836538461538462,0.5261458333333333,0.0
max,15.0,72.0,299.0,9.857142857142858,0.75,0.0
