,num_nodes,num_edges,id,ave_degree,ave_degree_div_num_nodes,is_directed
count,300.0,300.0,300.0,300.0,300.0,300.0
mean,6.073333333333333,9.503333333333334,149.5,2.4054126984126984,0.3960912320483749,0.30333333333333334
std,0.7852883641941248,4.762238824084138,86.74675786448736,0.8385275472868392,0.12317326972650335,0.46046605250251227
min,5.0,4.0,0.0,1.2,0.20408163265306123,0.0
25%,5.0,6.0,74.75,1.8333333333333333,0.2857142857142857,0.0
50%,6.0,9.0,149.5,2.0,0.36422902494331066,0.0
75%,7.0,12.0,224.25,2.857142857142857,0.4444444444444444,1.0
max,7.0,30.0,299.0,5.142857142857143,0.7346938775510204,1.0
