,num_nodes,num_edges,id,ave_degree,ave_degree_div_num_nodes,is_directed
count,300.0,300.0,300.0,300.0,300.0,300.0
mean,5.993333333333333,8.486666666666666,149.5,2.2643174603174603,0.3774538170823885,0.25333333333333335
std,0.7886881421114726,4.189869398219473,86.74675786448736,0.8562129312877202,0.1260353230252463,0.43564685564303235
min,5.0,4.0,0.0,1.2857142857142858,0.1836734693877551,0.0
25%,5.0,5.0,74.75,1.6666666666666667,0.2857142857142857,0.0
50%,6.0,7.0,149.5,2.0,0.3333333333333333,0.0
75%,7.0,11.0,224.25,2.3333333333333335,0.40816326530612246,1.0
max,7.0,26.0,299.0,5.142857142857143,0.7346938775510204,1.0
