,num_nodes,num_edges,id,ave_degree,ave_degree_div_num_nodes,is_directed
count,300.0,300.0,300.0,300.0,300.0,300.0
mean,6.026666666666666,13.19,149.5,2.1644920634920632,0.3616221466364324,1.0
std,0.8008913651790006,4.3861175036531845,86.74675786448736,0.55032970847359,0.08578201469835327,0.0
min,5.0,5.0,0.0,1.0,0.16326530612244897,1.0
25%,5.0,10.0,74.75,1.8,0.3055555555555555,1.0
50%,6.0,12.0,149.5,2.071428571428571,0.3605555555555555,1.0
75%,7.0,15.0,224.25,2.5,0.4166666666666667,1.0
max,7.0,29.0,299.0,4.142857142857143,0.5918367346938777,1.0
